"pval.exposure","chr.exposure","se.exposure","samplesize.exposure","pos.exposure","beta.exposure","id.exposure","SNP","effect_allele.exposure","other_allele.exposure","eaf.exposure","exposure","mr_keep.exposure","pval_origin.exposure","data_source.exposure","R2","F"
6.19998e-09,"1",0.00101745,461066,74977870,-0.00591365,"ukb-b-20261","rs1040070","C","G",0.568297,"Ever smoked || id:ukb-b-20261",TRUE,"reported","igd",7.32639222434701e-05,33.7818320347788
2.19999e-08,"1",0.00154322,461066,154144681,-0.00863658,"ukb-b-20261","rs34335016","T","A",0.12052,"Ever smoked || id:ukb-b-20261",TRUE,"reported","igd",6.79258866119147e-05,31.3203084445559
4.39997e-08,"1",0.00100408,461066,96893000,0.00549631,"ukb-b-20261","rs11165623","A","G",0.504402,"Ever smoked || id:ukb-b-20261",TRUE,"reported","igd",6.49852037341614e-05,29.9642852096665
1.6e-10,"1",0.00107876,461066,33892964,0.00689667,"ukb-b-20261","rs1324481","G","T",0.681417,"Ever smoked || id:ukb-b-20261",TRUE,"reported","igd",8.86395673329768e-05,40.8721363612947
2.5e-09,"1",0.00118258,461066,50458443,0.00704819,"ukb-b-20261","rs61785503","T","C",0.23512,"Ever smoked || id:ukb-b-20261",TRUE,"reported","igd",7.70366857998642e-05,35.5215789663465
1e-08,"1",0.00101584,461066,208710593,-0.00581572,"ukb-b-20261","rs10863714","G","A",0.576592,"Ever smoked || id:ukb-b-20261",TRUE,"reported","igd",7.10824501768598e-05,32.775888598812
4.00037e-13,"2",0.00100396,461066,104267572,-0.00728581,"ukb-b-20261","rs67716713","A","C",0.488327,"Ever smoked || id:ukb-b-20261",TRUE,"reported","igd",0.00011421158570633,52.6648654899018
1.50003e-18,"2",0.00100653,461066,146114898,-0.00884447,"ukb-b-20261","rs4422110","T","C",0.534619,"Ever smoked || id:ukb-b-20261",TRUE,"reported","igd",0.000167438127195606,77.2126210139731
9.90011e-09,"2",0.00100719,461066,81004626,0.00577322,"ukb-b-20261","rs10179482","A","G",0.485465,"Ever smoked || id:ukb-b-20261",TRUE,"reported","igd",7.12556588332515e-05,32.8557602431369
5.10035e-14,"2",0.00100892,461066,45154908,0.00759775,"ukb-b-20261","rs528301","A","G",0.554847,"Ever smoked || id:ukb-b-20261",TRUE,"reported","igd",0.00012298156770909,56.7093477387125
1.89998e-08,"2",0.00101141,461066,50725152,-0.00568156,"ukb-b-20261","rs13001103","G","C",0.465892,"Ever smoked || id:ukb-b-20261",TRUE,"reported","igd",6.84365153529798e-05,31.5557730818553
6.70039e-11,"2",0.00101067,461066,200775744,0.00659743,"ukb-b-20261","rs1124639","C","T",0.554782,"Ever smoked || id:ukb-b-20261",TRUE,"reported","igd",9.24118361308403e-05,42.6117086400659
1.79999e-10,"2",0.00101421,461066,60024857,0.00647236,"ukb-b-20261","rs7585579","G","C",0.492074,"Ever smoked || id:ukb-b-20261",TRUE,"reported","igd",8.8321837708749e-05,40.7256167426592
3.40001e-08,"2",0.00128534,461066,226286009,0.00709608,"ukb-b-20261","rs7572027","T","C",0.81255,"Ever smoked || id:ukb-b-20261",TRUE,"reported","igd",6.6101171118318e-05,30.4788850504924
2e-08,"3",0.0011694,461066,85766025,0.00656167,"ukb-b-20261","rs9835772","T","A",0.243671,"Ever smoked || id:ukb-b-20261",TRUE,"reported","igd",6.82825667151877e-05,31.4847832017808
9.59997e-09,"3",0.00107329,461066,157404329,0.00615747,"ukb-b-20261","rs4680392","C","T",0.673873,"Ever smoked || id:ukb-b-20261",TRUE,"reported","igd",7.13799672801252e-05,32.9130825688005
4.79999e-08,"3",0.00120129,461066,114170272,-0.00655943,"ukb-b-20261","rs6438208","A","G",0.25141,"Ever smoked || id:ukb-b-20261",TRUE,"reported","igd",6.46614291615701e-05,29.8149850544942
3.40017e-13,"3",0.0014227,461066,117785505,0.0103549,"ukb-b-20261","rs10212155","A","G",0.852761,"Ever smoked || id:ukb-b-20261",TRUE,"reported","igd",0.000114882046165449,52.9740615018056
1.20005e-15,"3",0.00104871,461066,85650790,-0.00839393,"ukb-b-20261","rs4856598","C","A",0.62769,"Ever smoked || id:ukb-b-20261",TRUE,"reported","igd",0.000138930125951641,64.0645800919486
3.29997e-08,"3",0.00111382,461066,34532026,0.00615596,"ukb-b-20261","rs73058737","T","G",0.288033,"Ever smoked || id:ukb-b-20261",TRUE,"reported","igd",6.62475291833886e-05,30.5463744172405
2.5e-09,"3",0.00108421,461066,61823653,0.00646178,"ukb-b-20261","rs1718705","C","G",0.317331,"Ever smoked || id:ukb-b-20261",TRUE,"reported","igd",7.70337365865944e-05,35.520218980754
8.79995e-09,"3",0.00114003,461066,184056716,0.0065577,"ukb-b-20261","rs9845144","A","G",0.272671,"Ever smoked || id:ukb-b-20261",TRUE,"reported","igd",7.1758981563647e-05,33.0878574266124
1.89998e-08,"3",0.00101322,461066,25193102,0.00569212,"ukb-b-20261","rs904592","T","C",0.482639,"Ever smoked || id:ukb-b-20261",TRUE,"reported","igd",6.84459510865537e-05,31.560124154485
1.29999e-09,"3",0.00102836,461066,85928634,-0.00624463,"ukb-b-20261","rs35498642","T","C",0.392512,"Ever smoked || id:ukb-b-20261",TRUE,"reported","igd",7.99696585520254e-05,36.8740794581747
1.09999e-08,"4",0.00129114,461066,70512801,-0.00737455,"ukb-b-20261","rs55864295","G","A",0.185129,"Ever smoked || id:ukb-b-20261",TRUE,"reported","igd",7.07506691732727e-05,32.6228946233308
2.30001e-08,"4",0.00104103,461066,140943169,-0.00582081,"ukb-b-20261","rs56166763","C","G",0.368511,"Ever smoked || id:ukb-b-20261",TRUE,"reported","igd",6.78028285694023e-05,31.2635631095329
2.69998e-09,"4",0.00106405,461066,31184484,-0.00632706,"ukb-b-20261","rs58400863","A","G",0.341099,"Ever smoked || id:ukb-b-20261",TRUE,"reported","igd",7.66802346284141e-05,35.3572068976358
9.8992e-12,"4",0.00103262,461066,57749347,-0.00702938,"ukb-b-20261","rs899632","C","T",0.389049,"Ever smoked || id:ukb-b-20261",TRUE,"reported","igd",0.000100495411724702,46.3394734158982
2.19999e-08,"5",0.00107096,461066,12122698,0.00599007,"ukb-b-20261","rs13162305","T","A",0.335129,"Ever smoked || id:ukb-b-20261",TRUE,"reported","igd",6.78460753954674e-05,31.2835053691997
1.7e-08,"5",0.00120836,461066,87770123,-0.00681164,"ukb-b-20261","rs71580759","C","T",0.222323,"Ever smoked || id:ukb-b-20261",TRUE,"reported","igd",6.89156195706799e-05,31.7767011327824
9.29994e-09,"5",0.00100464,461066,103941070,-0.00576905,"ukb-b-20261","rs1363101","G","T",0.520698,"Ever smoked || id:ukb-b-20261",TRUE,"reported","igd",7.15144030003728e-05,32.9750748977591
1.79999e-10,"5",0.00103902,461066,166996722,-0.00662977,"ukb-b-20261","rs1549212","T","C",0.626251,"Ever smoked || id:ukb-b-20261",TRUE,"reported","igd",8.82973487017062e-05,40.7143237486447
2.90001e-08,"6",0.0010262,461066,67549140,0.00569138,"ukb-b-20261","rs12209519","G","A",0.408089,"Ever smoked || id:ukb-b-20261",TRUE,"reported","igd",6.67081776414683e-05,30.7587910789853
4.60002e-10,"6",0.00113438,461066,98751680,0.00706813,"ukb-b-20261","rs9375371","A","G",0.269366,"Ever smoked || id:ukb-b-20261",TRUE,"reported","igd",8.41961571991533e-05,38.8230857775035
1.2e-08,"6",0.00100531,461066,31419877,-0.00572808,"ukb-b-20261","rs2516436","G","C",0.527401,"Ever smoked || id:ukb-b-20261",TRUE,"reported","igd",7.04083987934337e-05,32.4650637944542
1.29987e-17,"6",0.0013743,461066,111620758,-0.0117393,"ukb-b-20261","rs465646","A","G",0.84077,"Ever smoked || id:ukb-b-20261",TRUE,"reported","igd",0.000158230240410896,72.9658129629361
2.39999e-08,"6",0.0010797,461066,129346046,0.00602251,"ukb-b-20261","rs7758291","C","A",0.684258,"Ever smoked || id:ukb-b-20261",TRUE,"reported","igd",6.74771068227827e-05,31.1133642199406
9.09997e-10,"6",0.0010432,461066,19093152,0.00638877,"ukb-b-20261","rs1322525","G","A",0.36713,"Ever smoked || id:ukb-b-20261",TRUE,"reported","igd",8.13393927862085e-05,37.5057164877855
9.90011e-10,"7",0.00135516,461066,99185406,-0.00828091,"ukb-b-20261","rs12333760","C","T",0.165187,"Ever smoked || id:ukb-b-20261",TRUE,"reported","igd",8.09798024022485e-05,37.3398953921409
5.19996e-11,"7",0.00100999,461066,3438243,-0.0066311,"ukb-b-20261","rs13246563","G","C",0.544302,"Ever smoked || id:ukb-b-20261",TRUE,"reported","igd",9.34831436265119e-05,43.1057417932653
9.20026e-15,"7",0.00100495,461066,117523709,0.00778877,"ukb-b-20261","rs10233018","G","A",0.503991,"Ever smoked || id:ukb-b-20261",TRUE,"reported","igd",0.000130265429281024,60.0685247381874
8.40001e-10,"7",0.00101121,461066,53127559,0.00620597,"ukb-b-20261","rs1174864","A","G",0.550251,"Ever smoked || id:ukb-b-20261",TRUE,"reported","igd",8.16841996503675e-05,37.6647204401412
1.39991e-11,"7",0.00101666,461066,1665339,-0.00687133,"ukb-b-20261","rs10952199","T","C",0.426753,"Ever smoked || id:ukb-b-20261",TRUE,"reported","igd",9.90658603499551e-05,45.680227187399
2.80001e-09,"7",0.00122102,461066,121962809,0.00725566,"ukb-b-20261","rs41513151","A","G",0.216228,"Ever smoked || id:ukb-b-20261",TRUE,"reported","igd",7.65793956858743e-05,35.310706565082
2.39999e-08,"8",0.00108012,461066,21587997,0.00602856,"ukb-b-20261","rs7014143","C","A",0.586417,"Ever smoked || id:ukb-b-20261",TRUE,"reported","igd",6.7560167898005e-05,31.1516658635018
5.50047e-11,"8",0.00110301,461066,93201036,0.00723263,"ukb-b-20261","rs1899896","T","C",0.297037,"Ever smoked || id:ukb-b-20261",TRUE,"reported","igd",9.32459550711869e-05,42.9963622658058
2e-08,"8",0.00119592,461066,26280685,-0.00670967,"ukb-b-20261","rs35892365","T","C",0.243677,"Ever smoked || id:ukb-b-20261",TRUE,"reported","igd",6.82661354049891e-05,31.4772062815921
4.70002e-11,"8",0.00102021,461066,92775372,-0.00671424,"ukb-b-20261","rs10956808","G","T",0.422058,"Ever smoked || id:ukb-b-20261",TRUE,"reported","igd",9.39313742752291e-05,43.3124435461797
3.59998e-09,"9",0.00100781,461066,102158106,0.00594728,"ukb-b-20261","rs10988799","T","C",0.528587,"Ever smoked || id:ukb-b-20261",TRUE,"reported","igd",7.55237500753451e-05,34.8239123371909
1.79999e-08,"9",0.00100528,461066,128134034,0.00565884,"ukb-b-20261","rs7870475","C","T",0.475284,"Ever smoked || id:ukb-b-20261",TRUE,"reported","igd",6.87207358243528e-05,31.6868348847286
4.20001e-08,"9",0.00140594,461066,23818916,-0.00770884,"ukb-b-20261","rs72706955","T","C",0.150042,"Ever smoked || id:ukb-b-20261",TRUE,"reported","igd",6.52008225341264e-05,30.0637122196396
2.90001e-08,"9",0.00109368,461066,86761745,0.00606934,"ukb-b-20261","rs1246265","C","T",0.69544,"Ever smoked || id:ukb-b-20261",TRUE,"reported","igd",6.6789822373435e-05,30.7964395515128
1e-08,"9",0.00101691,461066,3174579,-0.00582717,"ukb-b-20261","rs7024687","G","A",0.522154,"Ever smoked || id:ukb-b-20261",TRUE,"reported","igd",7.12125134402202e-05,32.8358646212524
3.09999e-09,"10",0.00101703,461066,63679281,-0.00602763,"ukb-b-20261","rs7901348","G","T",0.551902,"Ever smoked || id:ukb-b-20261",TRUE,"reported","igd",7.61779815818546e-05,35.1256006974192
1.6e-08,"10",0.00114314,461066,9360823,-0.00645478,"ukb-b-20261","rs1150023","C","A",0.737332,"Ever smoked || id:ukb-b-20261",TRUE,"reported","igd",6.91466138978702e-05,31.8832190068421
5.89997e-09,"10",0.00107762,461066,125680419,-0.00627277,"ukb-b-20261","rs9423279","G","C",0.656563,"Ever smoked || id:ukb-b-20261",TRUE,"reported","igd",7.3483939188348e-05,33.8832888154713
6.79986e-16,"10",0.00106104,461066,104640052,0.00856683,"ukb-b-20261","rs12244388","A","G",0.338891,"Ever smoked || id:ukb-b-20261",TRUE,"reported","igd",0.000141368381879879,65.1890872988521
2.90001e-08,"10",0.00137126,461066,87357738,0.00760405,"ukb-b-20261","rs2175207","G","A",0.159486,"Ever smoked || id:ukb-b-20261",TRUE,"reported","igd",6.66896212354762e-05,30.7502342467884
1.89998e-08,"10",0.00101351,461066,10040774,-0.00569426,"ukb-b-20261","rs1876066","C","T",0.497781,"Ever smoked || id:ukb-b-20261",TRUE,"reported","igd",6.84582322511515e-05,31.5657873326453
3.69999e-08,"11",0.00106085,461066,4661285,-0.00583757,"ukb-b-20261","rs905871","G","A",0.339517,"Ever smoked || id:ukb-b-20261",TRUE,"reported","igd",6.56696380784605e-05,30.2798944807189
1.79999e-08,"11",0.00102721,461066,7950024,0.00578069,"ukb-b-20261","rs12272735","G","A",0.392103,"Ever smoked || id:ukb-b-20261",TRUE,"reported","igd",6.86827943197497e-05,31.6693390189392
6.70039e-11,"11",0.00128362,461066,27679916,-0.00837849,"ukb-b-20261","rs6265","T","C",0.18847,"Ever smoked || id:ukb-b-20261",TRUE,"reported","igd",9.23964603957882e-05,42.6046181318356
1.40001e-08,"11",0.00103212,461066,132213460,-0.00585495,"ukb-b-20261","rs529206","T","C",0.589177,"Ever smoked || id:ukb-b-20261",TRUE,"reported","igd",6.97899015757403e-05,32.1798570091705
1.99986e-46,"11",0.00103067,461066,112910783,0.0147459,"ukb-b-20261","rs2155292","G","A",0.387722,"Ever smoked || id:ukb-b-20261",TRUE,"reported","igd",0.00044375926752136,204.692257006505
2.69998e-09,"11",0.00110867,461066,59190650,-0.00659301,"ukb-b-20261","rs17584022","A","G",0.288018,"Ever smoked || id:ukb-b-20261",TRUE,"reported","igd",7.66948972687478e-05,35.3639683502376
5.00035e-11,"12",0.00100322,461066,111910219,-0.00659074,"ukb-b-20261","rs10774625","G","A",0.503725,"Ever smoked || id:ukb-b-20261",TRUE,"reported","igd",9.3599223631885e-05,43.1592721189743
2.19999e-08,"12",0.00192612,461066,133486532,0.0107765,"ukb-b-20261","rs75174460","C","T",0.075101,"Ever smoked || id:ukb-b-20261",TRUE,"reported","igd",6.78884983917583e-05,31.3030677407616
2.59998e-08,"12",0.00111792,461066,69655167,-0.0062217,"ukb-b-20261","rs7969559","G","A",0.720249,"Ever smoked || id:ukb-b-20261",TRUE,"reported","igd",6.71744947732616e-05,30.973821908977
4.30002e-08,"13",0.0010721,461066,59264524,-0.00587358,"ukb-b-20261","rs9597810","G","C",0.327261,"Ever smoked || id:ukb-b-20261",TRUE,"reported","igd",6.50944281379998e-05,30.0146512015745
7.29995e-10,"13",0.00118308,461066,101151360,-0.00728636,"ukb-b-20261","rs3783177","G","T",0.238285,"Ever smoked || id:ukb-b-20261",TRUE,"reported","igd",8.22610407253962e-05,37.9307247019035
2.09991e-13,"15",0.00102857,461066,89931148,-0.00755197,"ukb-b-20261","rs150294","G","A",0.401317,"Ever smoked || id:ukb-b-20261",TRUE,"reported","igd",0.000116906573930124,53.9077147687606
3.69999e-09,"15",0.00100783,461066,47971451,-0.00594352,"ukb-b-20261","rs12902636","T","C",0.502529,"Ever smoked || id:ukb-b-20261",TRUE,"reported","igd",7.54252985069956e-05,34.7785130105549
2.69998e-08,"15",0.00101048,461066,74052756,-0.00561656,"ukb-b-20261","rs7162423","T","C",0.444196,"Ever smoked || id:ukb-b-20261",TRUE,"reported","igd",6.70028326505791e-05,30.8946640632126
4.90004e-10,"16",0.00187524,461066,18058548,-0.0116695,"ukb-b-20261","rs77878475","A","T",0.084235,"Ever smoked || id:ukb-b-20261",TRUE,"reported","igd",8.39829658860321e-05,38.7247744046853
2.90001e-12,"16",0.00120641,461066,735921,-0.00842129,"ukb-b-20261","rs763053","C","T",0.225654,"Ever smoked || id:ukb-b-20261",TRUE,"reported","igd",0.000105671627664134,48.72653234932
1.79999e-10,"16",0.00102622,461066,72934443,-0.00654215,"ukb-b-20261","rs6499595","C","G",0.397268,"Ever smoked || id:ukb-b-20261",TRUE,"reported","igd",8.8137082318022e-05,40.6404176497123
2.90001e-09,"17",0.00114564,461066,50193197,-0.0067996,"ukb-b-20261","rs75919030","C","T",0.262188,"Ever smoked || id:ukb-b-20261",TRUE,"reported","igd",7.63966149218129e-05,35.2264200415577
5.60003e-09,"17",0.00123277,461066,51891405,-0.00718666,"ukb-b-20261","rs7216173","T","A",0.781979,"Ever smoked || id:ukb-b-20261",TRUE,"reported","igd",7.37046647919669e-05,33.9850724260145
6.29999e-09,"17",0.00105543,461066,2207425,0.0061305,"ukb-b-20261","rs12450028","T","C",0.34525,"Ever smoked || id:ukb-b-20261",TRUE,"reported","igd",7.31708412049805e-05,33.7389094337178
1.09999e-08,"18",0.00106424,461066,21074922,-0.00607647,"ukb-b-20261","rs303753","A","G",0.346408,"Ever smoked || id:ukb-b-20261",TRUE,"reported","igd",7.07016836599432e-05,32.6003059715081
1.2e-09,"18",0.00102739,461066,49967811,-0.00624613,"ukb-b-20261","rs1373178","G","T",0.594204,"Ever smoked || id:ukb-b-20261",TRUE,"reported","igd",8.01592153959086e-05,36.961491291441
3.40001e-08,"20",0.00101284,461066,19655938,0.00559103,"ukb-b-20261","rs3790286","C","T",0.542753,"Ever smoked || id:ukb-b-20261",TRUE,"reported","igd",6.60861050893364e-05,30.4719377285888
9.20005e-09,"21",0.00101582,461066,40574305,-0.0058352,"ukb-b-20261","rs2183573","G","A",0.572269,"Ever smoked || id:ukb-b-20261",TRUE,"reported","igd",7.15622185172491e-05,32.9971240658398
5.89997e-09,"22",0.00108783,461066,46414043,-0.00633021,"ukb-b-20261","rs28809490","A","G",0.309077,"Ever smoked || id:ukb-b-20261",TRUE,"reported","igd",7.34377191320998e-05,33.8619752801523
